<?xml version="1.0" ?>
<LOG_ROOT>
	<PROJECT NAME="cpu">
		<CBX_INST_ENTRY INSTANCE_NAME="|cpu|romCode:codeRom|altsyncram:altsyncram_component" CBX_FILE_NAME="altsyncram_43u3.tdf"/>
		<CBX_INST_ENTRY INSTANCE_NAME="|cpu|sld_signaltap:auto_signaltap_0|sld_signaltap_impl:sld_signaltap_body|sld_signaltap_implb:sld_signaltap_body|altsyncram:\stp_non_zero_ram_gen:stp_buffer_ram" CBX_FILE_NAME="altsyncram_qu14.tdf"/>
		<CBX_INST_ENTRY INSTANCE_NAME="|cpu|sld_signaltap:auto_signaltap_0|sld_signaltap_impl:sld_signaltap_body|sld_signaltap_implb:sld_signaltap_body|sld_offload_buffer_mgr:\stp_non_zero_depth_offload_gen:stp_offload_buff_mgr_inst|LPM_COUNTER:status_advance_pointer_counter" CBX_FILE_NAME="cntr_dgi.tdf"/>
		<CBX_INST_ENTRY INSTANCE_NAME="|cpu|romM:inst8|altsyncram:altsyncram_component" CBX_FILE_NAME="altsyncram_g8u3.tdf"/>
		<CBX_INST_ENTRY INSTANCE_NAME="|cpu|rrr:inst16|altsyncram:altsyncram_component" CBX_FILE_NAME="altsyncram_5cu3.tdf"/>
		<CBX_INST_ENTRY INSTANCE_NAME="|cpu|sld_signaltap:auto_signaltap_0|sld_signaltap_impl:sld_signaltap_body|sld_signaltap_implb:sld_signaltap_body|altdpram:\stp_non_zero_ram_gen:attribute_mem_gen:attribute_mem|lpm_mux:mux" CBX_FILE_NAME="mux_qsc.tdf"/>
		<CBX_INST_ENTRY INSTANCE_NAME="|cpu|sld_signaltap:auto_signaltap_0|sld_signaltap_impl:sld_signaltap_body|sld_signaltap_implb:sld_signaltap_body|sld_offload_buffer_mgr:\stp_non_zero_depth_offload_gen:stp_offload_buff_mgr_inst|LPM_COUNTER:\adv_point_3_and_more:advance_pointer_counter" CBX_FILE_NAME="cntr_pgi.tdf"/>
		<CBX_INST_ENTRY INSTANCE_NAME="|cpu|sld_signaltap:auto_signaltap_0|sld_signaltap_impl:sld_signaltap_body|sld_signaltap_implb:sld_signaltap_body|sld_offload_buffer_mgr:\stp_non_zero_depth_offload_gen:stp_offload_buff_mgr_inst|LPM_COUNTER:read_pointer_counter" CBX_FILE_NAME="cntr_05j.tdf"/>
		<CBX_INST_ENTRY INSTANCE_NAME="|cpu|sld_signaltap:auto_signaltap_0|sld_signaltap_impl:sld_signaltap_body|sld_signaltap_implb:sld_signaltap_body|altdpram:\stp_non_zero_ram_gen:attribute_mem_gen:attribute_mem|lpm_decode:wdecoder" CBX_FILE_NAME="decode_dvf.tdf"/>
		<CBX_INST_ENTRY INSTANCE_NAME="|cpu|sld_signaltap:auto_signaltap_0|sld_signaltap_impl:sld_signaltap_body|sld_signaltap_implb:sld_signaltap_body|sld_offload_buffer_mgr:\stp_non_zero_depth_offload_gen:stp_offload_buff_mgr_inst|LPM_COUNTER:status_read_pointer_counter" CBX_FILE_NAME="cntr_23j.tdf"/>
	</PROJECT>
</LOG_ROOT>
